username,password
z5fu7llo,xOozQdRAP9
KATxfGfM,iu9uP6XlHl
f8CdbHOS,5xO7MHfJXU
QHzC8U7i,jbwyrZTnzN
lE8rlgF7,hWMyLSuMR8
1hjiC1GD,ohhthflDJs
LkJFqXYp,jKYKoHOyrm
c1ooTxpQ,fj4rOVY5Zo
TxTuY6yC,0iVK7dsaaJ
AJ7qSl7f,X6ltvIWEbr
lyEmItHS,8PLHUviE7P
UgRzsZly,tWGpdzJ1HL
gxaLmpdp,PVUDUE5sQt
nii8gv0U,BUjXTBvrcx
jKJGpvJT,Kvwxe47Sh1
zDywGV1X,Num6oz8MKW
heuxCyHn,pR6tjyX5Ib
32kQlsi9,EOid5DJPx7
icu4gbuy,gxonn4WKum
G0i4wLwy,Qm9qedb0jp
LWWEu0E2,peuO91vMXS
1h8iXdMg,RpEhjdVGq4
HlfAYx9Z,D6tQl5pJFc
gZXWFZNk,NOxZgxtRjn
d7rpNqWZ,xIo7OH9QKZ
G6J1B41e,uK7lKI4pDZ
v5ZjS64B,wuvGnhp13L
RjQrtdcx,hVQonRk7Rn
g8uVudgW,gYQl39aNCB
sYHWF9SZ,YP5GW9wi73
K3fdVQUQ,WlxzY13gTm
5x2Btpky,6GGNZOQrnT
wagZVff9,vm7HbpQKSX
CkUenzfx,z7mWC8EkIO
c1ZLuDfF,MpSRRztvzj
5Q7EtuAj,RRZqgZyb55
EqLTnQ5N,tosfdTXMXO
j9QNJQRT,NT8ExeJ6VJ
7KR8V2BY,3AYSL3ueVp
OPeJTg7K,U9hhYa00hA
HJjgVIpR,OimF7TIEbV
PMnsKSq8,mjMgnqSMoq
PdIcdNAN,ToDWMv8K5i
NTQCI8ut,3rFZjmOEf0
XXjOFBUV,UPGTIIn0WF
GT1kz6eH,kJiTTipaqM
NxixrMTn,zhzXcK2qBX
ogfthDsM,G8YyWNCy3B
RZDs0cdS,BBVCzbknOk
gz8pOjUQ,Z8xqWp43L2
DXN86F6a,azxxJ2ls9p
ghw7VthN,2fRv8SxdF1
akIOIZSH,1OmTTbZjo6
79xjye46,hw3jwS3X83
d2EgAFhL,jTDZ7P8tnc
WXi2gbXe,YxamXVJVGp
LveURIWc,TYng3UddTE
ahhDf7Jf,Wmp8rVwpms
JJD7vfNQ,bBryVNtrKq
xzkFDpfT,pvDE0fK4ZN
c6hoSkLa,8P5yEJSaLp
U8aeHPHV,aGjmo1eQoT
gYouhrg3,gJerUMA1bg
Nq20ERad,p2xsbX93V5
9Z0gp0bm,Dn6bia1ZZS
AhAP5vGl,RQIAUUthvl
XOwPra5Q,ozX0GOEbZ9
mAgLZ32F,B3Zyn9ZhQo
zVR7uWXj,ueG6ZguRqD
tZKUDpUP,Cszv0Q3Qpa
5QwEmGLR,t2sU2PsFqT
CUJqj5ud,gZTPLKHbXb
urnkZhpB,vp0LT6MSYz
hRzDDs9Z,8ZZGXt0lIC
0UHILvhW,uCEYmDsGxp
CLjyP1m8,1OmIMzf97g
PHHaFFn9,MwtOjfSP7E
MB6z2tVP,3HVX1JoF2Y
h4Dslh0B,d3r9wYM8dy
qOcuIf8N,i4IGV78t6t
dV07q2u7,XN911QhiD4
09DvjtxV,fW6zOVjbcr
wBdRXPlB,maRVnu4bMu
GcUn0gL6,awz4s7362x
T0Ey5Zeo,vCqyz8DzBr
4CSwFGf1,S9fYRivG6W
weMhJ3cf,Zz6C7uVLkX
e4BAmPNW,RgHm0SHZpm
cZaKV7Ec,beK0aPId6H
Bu1XQtc1,t69fF18S7U
mHVrE3dh,WMsvSkJIV0
E0V6uPnt,zxM7h4WcFZ
fTMMG2DL,o8j81EXRFl
hLujnU8h,ervN4QO4jT
SqZ8gNPF,YyipRwy7FQ
ul132bkG,RyoKAogM1B
CRQW1Sh1,dkY4yhCr2P
B8M1hO4h,yxHalPnzce
dEZc7Txi,r6AVCI4SrP
BMl1eeMV,8KjxwL80Ig
0NHtxSnS,xMujutGym8
G9fuO6YZ,EaCwLKr2ri
Rluh2Hin,4w6eZLVyLY
INiSZYuW,xDszFs4SbB
GAafLgUF,xhCZZdEMqJ
9OxaTTE1,JdGVbcHKLw
iVIwUWKB,pAZYzHBzLP
RZy1ZtQK,ztEs0j99Bz
pomnPPcI,AHyyWa4MMX
bqJ8WBbq,KTBykPmamQ
PtDXCwuR,R4vGhIe6kz
Z5it7AqF,WYLRmDvUq9
0Dc2ELGK,3Z2KzmZcNc
fh1uWceE,KAf23vNrT5
mx1Ihs6b,RYogI9en4W
c99RvhSo,xB2L1V8bcT
iVLn1rFL,M86tGofxcc
fSdwYbaH,9q7vvwivsA
23EZ0Zcv,KKEy4AjAvx
JjFcNBu8,ZAk93pJOPh
Bzg5IHGZ,XYvMdM3psr
kuzCcusK,vtx8ux7v9O
gALKE2wh,AcI3MMLW1E
H1oWXUpX,Vwk4Ux6f91
OmD3u53B,sRIwVeemud
7whpNnvN,7N098g46BZ
XMa1JBVQ,DtdXvZ65ow
5wexLOxq,qczFss9Pl8
1DfiyUhH,tRzLW8aaRi
Iym5C97e,RnCljfm8np
DQhjlH33,Oq4nkWggGs
xokHX8xX,RXEe7qh0Jw
Bv8gr51q,NEXxjsPFjT
GpGzQvbw,v9YkC97KbZ
rrdIxhCB,Tl0fnNG61s
6Z8v4Zhp,KokjJ5reU2
27HqvPaq,NQBDOfSPZf
PRgdiNzf,or8mnsoC6a
KGmxYotH,BXR0rxZgAM
NaG9BWhX,qqxtqjoH2c
rX7m7I8o,ityKjjhZ3w
6zgYPtb8,hpfwpLQKza
Ur6cXxkz,HFHHnrZE4J
TOHOOdKA,0ZoImZMwtU
UijQxr8B,ARl7YCeqPO
mluiYi6f,I2s6Tb3etJ
HFzTY6HW,bgfZwrmkub
3gjgWtJN,naP4JnlHIZ
kVbhDPg5,abgbOyand2
X6nb5rOk,WSzuKKvSOT
3ePt0AqD,N7YT6LbAlE
Yg5LIfsx,aGuEJjmBD3
3JmkQBSc,HN8I4BxJgP
AWS3LpXN,Hsfv2OQYRn
Uxse9RRr,iyMIHpHJ6b
Em5QOatC,5ryubThxKK
35apoM0X,FedSNkh1nV
BURBETIx,c4BPhoxV7m
7B2Zxw4I,hJFibpYFyx
LIjBTFLS,rKtp6fLqkx
07xYufkH,j2Li0XVEhY
x9afnGjy,floPoMtmAe
nrW5oKDu,ItFHSqdY1R
oLXM4iDx,WMabBfPo9K
QumNXxiH,XzynvbekO2
okexSD6K,e3dYhaxsLh
4esbPhv3,BYNBQC0yj2
8r93ZZMS,udkyHPo2Z1
NdRnh8UB,ZOCqsdjnOE
0x21YiBa,Mky8IVF50A
lzN8HRge,5FwLApsVq5
Pk8i5Rf8,JAoYe2XZss
agVA2eGT,MEkxS99SZC
miXUQYfH,sonEXztEeP
QW0eA0Cv,VNVPSfPzw7
dGfDNlhu,6eavMqzbfI
CCQ6ryCp,5gvkeKFowt
tqIOYYyf,dNnXDR6fFN
UBvqrNUM,55NzUqZ4jw
1ZGCAqU9,JAPnzpC4gm
r2Bto45T,CDcdHwob84
cit304M9,dT4lfP29ZY
mW9rNFkC,WQhzqi6GrP
ivVIXAUv,znyQRuzUFO
yOuGN0M5,a5yd2fxmoZ
XFP6bPfd,tkZMiDeFBQ
LPAvpL34,sPyKvs0K5H
XMN0Pd5C,eKZ4WXZGuB
waIYc4Mv,mDzlJM4SC4
0VSJSQFZ,wFhotruAt2
UlzZHTvz,tmk5aSmxKY
i4Vt6mUi,f6p3xr4SBw
O0OV4VQV,LMC6f7OvJy
orqpfjby,YV3YXJWOsY
tBL6HoO3,jWJzg93lye
PvJihUaG,pNXsms5bgu
s14C4gh1,BKiNK8fhZy
SDzayIdD,0tvnGyweYx
WrvEAhXD,9INXYFWRFb
FqBa1eTH,oyesz59c08
MmArMugo,ECWFRVA3Ar
lyjA3bed,unYSW4ioPj
iBmyFo3g,jHahnuI6Yf
cSKh0GsU,tkazsGAdR3
oTEaz882,prkoOzrAby
vHVURZqu,BEOYJPa9uW
ELyyTg1j,aabHiHQPxb
0jSz7Zsk,Dwj0EotXkO
yf3a0JAN,KTAWLn3VkD
LfSuiBN8,vVNuDcXplC
Uys1xFzo,iLW6xlcwbW
whdrEYXO,GTbIXv2rvg
XNyjT7Iu,rwFr1Y6eix
Hz4DChT8,t1uQG4V4kZ
VOQjMcMo,1gOxNDkkaV
oBn6ufan,bWC3uxzcIo
0pj7rUiZ,Bk4cDFMxtb
pezUmgHY,LP4WnIDssJ
mJTVXpl7,bqP5TcRAAT
APEJg4Fh,GZl2QXakve
ucuKk4kj,v8WiGLtLqd
14nmB774,3dRMNbES55
RMozdAw0,s82L6sC3nI
CGwTxuzi,MAa4Vz7zRl
l3BNeADX,Hbh1MfYIfy
km1UC6fI,8x9xIEab5r
fCHhd7pC,l1S0D92jnB
oC2SxLU1,Sz5KJuah3A
fdyPTl8D,XfSKiwfvwQ
VfDaNRAR,G3Jy7RDhd1
J5003gC4,9bANiM2D7i
CNODtBcV,jZ8DMmsATY
HXRPDfeL,KyOPV6dZp7
aD2ZIrOu,DGhk5Ul1B9
C9SzIcOA,nXScSqFXHb
NV7VgTHu,PZR53xUD5E
6xHxAtsq,oKCxTHG10h
8Ufa66Ei,vv8QR6DewN
jzXwUnLG,kqrH0GOXc0
lvrbovov,bK5rAm5AOa
ySq7QMOd,mZwk26nKdz
JScT8oU5,EO6f1pcIG0
de7SFulo,SrisWV19LN
XXn273PL,9mU21Glbgf
07WAFrT8,USvxS3RQTp
lvKeSArH,zyT2EtiaTd
oIL922eh,ZLdYdi4IMD
PNfV4Nca,kf3Vg1ZVay
1G9nCHxe,8Ae5gy1VT9
I7Y4miIs,K9FklSeXyp
TxAuOd5D,4BUvZ9jlUy
0FL1zcbN,Oy4VLOKeNm
f4FurPis,8I1M3qAPUG
gzvIkjDJ,ncfJd5XVO3
P7vOjzPQ,8Zcnfak63v
EdVaW1vq,7D6IrXG4sA
UfUC3ixG,KeoSoCWLiw
Nv0kTDu4,MgKrvohqvd
bP0vaK5L,7GStQ0JNPT
yNEozEiH,9gmps7Q7bB
JyrRLlJ0,giyL5iQIWq
GQT6kz0f,RzV4wbYzYp
Tchc3hAT,G5CLOCF9pA
tdSlZtcJ,oTO8cFeRN5
6NGdMEfQ,Ao0p7d7EgR
Wot4eXPN,iZpHSLSwcd
4ZtrnAHo,2fMIbF3tDK
BFYdp2dW,DQiVqvwtDa
Bxb4GwGX,RqysV8BxXF
VXKrePHj,SKj3JO8HA7
n0kXm1Mc,HiurTMXPzd
o03l3PTT,yHpkuhJJ2h
ZuEsV4kt,ngQ6iz9MPQ
sjDFerau,quMd2EAY2D
lxXBZeSe,EsRRMBQeKD
2AAo7F7y,gQgXnGlS0d
cq8PWxVJ,J7Zr8XYk93
rDwqqLq9,m0qdWDZiqz
71CG83gc,mAkxvoeHYb
m7fmMdkn,moXhYLRCR5
mVLgLmSA,WY56F9q0VX
SSQaPQ75,bir3kYlCxv
cR6GO0Ph,43PA0gxU77
FHobyiTd,L6FZ3qAwsi
rduxGWeb,KoS1Nd1dIS
XVCq5vRX,mYvoK6Mfc9
2ACZMiWh,tkHgOZAR3f
jBplMkA0,dNU6nhDV1H
17OwRqpX,H9uwZR3gcn
D42qdDZV,bepfLXs6yi
1OZGR3g6,m1ZmYV3jqc
H39gCFZn,OGCsNhp9qo
F4AfFxSq,U3Jf0tB8ki
M33JsSlr,Q7X6CsbvS8
bvKYDMEo,q104U5gaWo
sXrgEisH,hyuNOvlY6E
i6sq6sNw,Eou3oyva3F
5YZsTIEn,LFLATHJ8Pj
pje7tfKI,hCYTcmduyI
yOUHtBmX,SHMMUpycFT
7jDaq7R8,ZORAzKyS3T
1Aq0tQje,55mbhws9Hn
mFH4Ab79,y1IHbdQa27
B5rwHLEf,OLVHqe0eXI
O9cSgEZL,FFLYlTSxJB
gFGJmjnC,pFuiVmHfin
zJmoqzIX,nRyIkiXhyf
m70b6zFK,qusIuIudQn
MsZqK9K2,6hN0JLWffd
wOdHyPQN,O0riP25Tzx
2b51pHlp,6eCIArD3aa
Vdy0bglB,R8A3xPmfS3
4v83XTHp,4tvanORANl
rzxabhXp,O7XPpqdqeQ
2yLD1nJi,6ihZxYQWoi
6uQAtJ5Z,tTjQW9Tga0
Rj1xkovZ,W80yZi3xaq
vEymvjqL,KH4KfQYCmJ
MLSDEi09,PI2m8mC3yF
s9EKjAQM,qU3r4y3zFH
BXComNZN,UkdCz7bRTY
mRpNVrTp,IX8lETuhRN
qsYl3BAD,fFlPEYTa0y
dfHJ7Eqj,Cuqv4hmkMg
U7CQaIPl,uZPl7eqQcS
CBiRyw2r,mmmaCwDcnA
EXyat1fz,kfe0PYfmmy
fovsgogE,AvWuQ3Frz5
oTuIbBLF,NjBWA8BZZ2
dzFwoM7b,pA730jDdHU
prLfGIL8,2aWQNzsZ8n
0A9ONj9Z,VgRcVJBOus
My8dRN6d,o74yzhRZY2
m7XdTdX5,pX5IvxiMus
ZV1XWh8I,O7KHE96OQV
cYwkSgo8,JFXib1T7FO
8brgDLbm,NR9zXjr2Vs
t3pFcXXa,xXk5HAPnRE
PkT5RL0R,feHLIdPxvw
lFlataBs,uEIGQfNmmq
t7yLO40U,PXmS0WxH7E
TATqmf6a,2SmnkONAeA
7gBzTFcf,lqg8JoDy2k
klGqDRbE,FADg44ZiEp
97gFBokS,jKiku2euP8
yTmr9IOV,vLw9UtFqsi
pJhhxfRX,MVSamKZGnQ
grl5cXzf,rKWuMS7CGF
bh5qQ6Oz,dJrwqfp0Le
T2VYqXNb,JIETSFlo3Y
kfM0Wb1w,Qw81wWp3df
ctzbPgqG,Sve4WgeoUc
TwEjE0rl,7nnfydfP1P
DZDO7yL8,kj8OvYFkGj
NiNRnMf0,1dgKyDfYFX
5kQ36mhz,3LR1IJhXJp
IYygEu2e,AvlmfwJyb1
kt35Z15c,YZD9vMqWiO
zWWbEPMr,neiR7kaWdX
8XpcUKqx,9KBitVE1VD
cMIr7k4c,Z3elAwEzio
47ZXxC7n,4vv6Xa8nS5
zOKlmfoj,EPxc5mu6Sm
Vx3MqyRW,s9XlSvnVmj
YUnkYeIp,mLG6QHWUVV
1ZcLlyay,ffslP62NAG
ezkORxh1,ujWBcYqWoC
H39LvRL1,fpP1xSnsZY
BmxJJouC,NoryBsNzTc
4Y41rvGm,RBkdFzuq4w
vFsQs4Nu,sYuwUY6ehc
NWxWk8Lj,kAxgiozPZS
AtyKUv9e,UhgSwt6pMY
aj48qRQ6,GvvsBUwrJw
zClPEg5f,JgBzTqONjG
hidZBKtW,jDrgKfwYzv
ilrgDCJM,kFmqK6UDzx
q2ISxB3j,r6PO5YS2y2
cfZRJ9l0,mZic5kOoAx
CuW1SzMU,U7mETtiuNc
IDm7QI62,waAUzSoBXf
HD08UZqO,81b1frCpPy
O7MIUCOK,yS7TDK0h5m
Q0SzhfAC,32KleSaXXL
Hg96Yjjc,bMrSiN9NIt
VGJ9gXbh,toPK8xOHqI
RqPKGUWm,u1n3Ok0TuN
tEfjvzao,o1s0Y7Gqyo
sOC1hKpF,C1ylKyNjdh
uTzGSkLU,a8EqrJFhlL
x9UTgQpt,aYNBIhJ9WH
7yBE0H1e,YgvZr5YXlS
Jddk2Yxb,GG31TL1l4G
83WeZcff,NLyy3cp5C6
f7cg5q23,jv2XAxkEJs
Yk6IJjrr,laea7O7t0m
jzlLzLoR,XxrxgWTJkp
S1gA7pF0,7CaKFXF4EI
gWf0DPWN,c1mBKvbo2o
9jWnFFtj,2e7Jw3PcYV
kTHnQBSE,bRvGeyQyce
D1Hs02ld,Q1vywgDJ9O
zDCq32d8,vXgk0k04hA
GU97ek6d,fhs5ff0yHk
aEC5SBCe,NattNS3A4g
RJ39mpBI,ra4YlBGHBv
58iXLUOv,KZNUUtN8QL
mJQZRghM,0PMH3TEChW
IyX996jm,I6QneVYRBM
J8ogIEe0,lCuLNmU6Y6
zsWD3njD,PHDAEWiz6x
oEZ5FHMj,iCDcWbkOmj
K3c3lr2S,b2t5brWB2d
HIZCgyaq,JO2SdIujnd
PChfekAa,NqH30fjr4p
vLRYAyCY,qOkEFNaZX9
Atllwzhy,kI6ezupnxz
Bqq8CNEJ,7k2vyXaifw
z2cT2Z9p,OS3RVBASvm
HUXcq0Zl,QJZelwTS7J
0PYY2KRz,yjeBxuzuyi
NSVcICDY,4F6wtQYDby
WSO4C6nh,511LINeMHE
UEM1iJ2T,dikAPXGyO0
ZgNQoqSJ,TQQNZu87hO
sam0E1fq,KHzCjR9OGh
RwujSK5F,RU3jOlviko
attrNPRJ,rDK0sr2pC5
3Cr6nVyd,qXhPgBqFh0
4njMTVZ1,KJKdgtEAfk
VXBELv4Z,vPbUIrx1C8
OcS89Nqj,BQMFEKQGmF
G3UlNNJQ,FgizjHksmC
PRr06LIZ,pDiAAXRSnv
xOTALS3e,5hPe6Nouj8
CzsmPU7R,sSkMRHx0AM
lpSxT80w,umkZEE0yff
A9qwHkle,4DqCG6Tq2E
mnHn9ndF,1ygTZpeoJF
M4aqDHVo,2DslzGoaNA
zS2DKz9A,G5HanjZx5p
EDlT374k,n9n8fJAHZ1
NXTPaVNp,6uGOEOvjUt
UEaznai3,N29BkM9V2d
EtIhJ9UZ,lVZ6pBLfbx
Vl3zPkpj,epCZhlondk
0GWqabOO,9bSrSdzp5o
e0oYKi7n,NM0kFsCAAZ
sdxbm7jq,8JGLybZ9NU
gA9x461g,e9mlmDswCD
qNFgezet,qVftpfAqKS
0yjtGXOq,zrHI6h4J0o
KpFA5Ohj,jjcwvH7frd
UYOuMkVQ,lav8yZZaFS
RqUK8xTL,QlAUbWDy99
PiRy1NPZ,eJjAaCQh1D
6IUHfyEs,CkCRrh25gI
a3ZiFvxS,pR4FdivEdj
IvIDdgLi,Zh0z4fLpb3
zJa7XqBG,UQ3B7XZI4r
SyaZa84K,WkJYOa7DqH
FfJmwiCN,Ksgxbhnp2G
ZoOidsKa,UyGsCOeFcu
X6Sg0zc2,ve4K0GfpdM
9xighx2v,8orRQlMdYf
GOhtg4DF,XqmXVsQh69
IzJqIUzz,hCPJK7hyvG
FvWXKhiH,sqfaFNQuLH
eH6weUHo,XTWdlyiWMv
nkVhDaBg,sOqb2gSFgr
BSAzSKke,Rsrj1XTgLE
CFaT8g1E,Wm5r7Lxyk2
BZTrOUBf,S0OvFhHMPu
UCrvU4cK,bFSZLtEAoH
EDlECPGX,Uci58KzfSX
6lbmQjid,ldr8qgR34v
pdwX9yWs,rl8cMy3QFE
BBzNqRx5,BHcijbZ16I
psgjZDmu,YKxZAKs0mM
m0CD19CA,YSiPLFlVFh
kA2G2SxG,L92SgtsHEp
BW3fY4zN,XLLZpTDmnu
bHk7qkNc,adUP6W83h6
XCuoxxKR,0esUzLdk4M
0qveKpre,QpSf8KsSMp
929Zp0VL,F3lbpNbyqj
exvP2R7E,oSFyB4RtRN
en4trKtW,8Y39twj26S
HaMQxYDl,GI4TYuFYnm
08VbwZhJ,HsBDqh81Ly
CycPEgah,8s4fWJHuI2
Gz91UUoh,yPsr6zSMQC
CmMfH2UP,VA0lutfcmN
OaMr61s1,ArlY940Wkz
ZvGfD6Y1,wsl6jwJypS
8CXQKgYc,ZNrjiJbeys
WAtnpZZx,wEnEs6CKXj
scWHZErH,rf9WxcJObe
ApImhePq,FZTcBXuSDK
DxLHdAfz,JEIrki7ZSY
